Unit,Calls,Lambda_per_hour,Avg_service_time,Mu_per_hour,Service_source
Fire Truck,219,0.03349656464773247,116.84931506849315,0.008558030480656505,unit_overall.csv Baseline
Police,205,0.031355231747877424,76.68699186991871,0.013040021203286506,unit_overall.csv Baseline
Ambulance,486,0.07433484209496795,98.56172839506172,0.010145925972317907,unit_overall.csv Baseline
Mixed,90,0.013765711499068137,94.5111111111111,0.010580766517752176,unit_overall.csv Baseline
