Unit,Baseline,RL
Ambulance,98.56172839506173,21.858024691358025
Fire Truck,116.84931506849315,26.6324200913242
Mixed,94.5111111111111,25.177777777777777
Police,76.68699186991871,18.516260162601625
